﻿<?xml version="1.0" encoding="utf-8"?>
<manifest identifier="MANIFEST_IDENTIFIER" 
          xmlns="http://www.imsproject.org/xsd/imscp_rootv1p1p2" 
          xmlns:adlcp="http://www.adlnet.org/xsd/adlcp_rootv1p2" 
          xmlns:xsi="http://www.w3.org/2001/XMLSchema-instance" 
          xsi:schemaLocation="http://www.imsproject.org/xsd/imscp_rootv1p1p2 
                              imscp_rootv1p1p2.xsd 
                              http://www.adlnet.org/xsd/adlcp_rootv1p2 
                              adlcp_rootv1p2.xsd">

	<metadata>
		<schema>ADL SCORM</schema>
		<schemaversion>1.2</schemaversion>
	</metadata>
	
	<organizations default="ORG-182704">
		<organization identifier="ORG-182704" structure="hierarchical">
			<title> Bloque 4 </title>
		</organization>
	</organizations>

  <resources>
    <resource identifier="resource-69182"
              type="webcontent" 
              adlcp:scormtype="sco" 
              href="shared/index.html">
    </resource>
  </resources>

</manifest>